vendor_id,vendor_name,order_count,total_spend,avg_order_value,avg_delivery_days,delivery_rate,quality_score,response_score,delivery_rate_norm,quality_score_norm,response_score_norm,value_score_norm,overall_score,segment,category
1,Alpha Supplies,9,24403.14,2711.46,9.777777777777779,60.0,69.80000000000001,0.7139999999999999,0.0,0.9226190476190477,0.9999999999999998,0.0,0.5922000000000001,Underperforming,Vendor
2,Beta Traders,9,30746.06,3416.228888888889,9.444444444444445,60.0,58.6,0.45199999999999996,0.0,0.5892857142857142,0.22023809523809512,1.0,0.6062,Strategic,Vendor
3,Gamma Distributors,13,35982.46,2767.881538461538,9.384615384615385,60.0,38.8,0.378,0.0,0.0,0.0,0.08005679500196194,0.44000567950019615,Standard,Vendor
4,Delta Wholesale,19,54616.31,2874.5426315789473,7.421052631578948,62.89473684210526,72.4,0.714,1.0,0.9999999999999998,1.0000000000000002,0.2313987381538043,0.6347188211838015,Underperforming,Vendor
